sender,receiver,amount,tx_id
addr1qy9yrva9vnxjd09vvnr7v8z7qzr73vyyd40qhnhz98yk9aq3wj76wr3m5njwkezqp2qzed6cgy40q3ax3yxddm29ygcqez2pvl,addr1qy9yrva9vnxjd09vvnr7v8z7qzr73vyyd40qhnhz98yk9aq3wj76wr3m5njwkezqp2qzed6cgy40q3ax3yxddm29ygcqez2pvl,280113718,106066808
addr1qxlhz4d0vcmut378mu56zgzng4wm8xj4dqjahdvxn6tzk3mj58v9gz4wrerzqvm0v5xvcygl0unpe2ndw4yuy679nz3qv7hv3f,addr1wxn9efv2f6w82hagxqtn62ju4m293tqvw0uhmdl64ch8uwc0h43gt,22265944,109537649
addr1qxlhz4d0vcmut378mu56zgzng4wm8xj4dqjahdvxn6tzk3mj58v9gz4wrerzqvm0v5xvcygl0unpe2ndw4yuy679nz3qv7hv3f,addr1qxlhz4d0vcmut378mu56zgzng4wm8xj4dqjahdvxn6tzk3mj58v9gz4wrerzqvm0v5xvcygl0unpe2ndw4yuy679nz3qv7hv3f,1150770,109537649
addr1qxlhz4d0vcmut378mu56zgzng4wm8xj4dqjahdvxn6tzk3mj58v9gz4wrerzqvm0v5xvcygl0unpe2ndw4yuy679nz3qv7hv3f,addr1qyylzh9428hzu2rlsuv50hntjm8qw6s3may0a2fcsd8demmj58v9gz4wrerzqvm0v5xvcygl0unpe2ndw4yuy679nz3q9j4umr,13884036547,109537649
addr1q8k8fauns9syu05xc0n0rtaa6sj2cl6kwlpcx2jvvjdz4j5cell99ey8lzj65ne7m8pvvr2cuswkkflal02agavlwxdsmq45n8,addr1qx3jt2ddwkcwccku7e7nfmmmd0d5sguy3cdjnv6m7zf03p2hf6gsq5ye5wgu25kyrwlggl523ff6qtf3u2skntuwryeqj5f5xp,1232660,109878818
addr1q8k8fauns9syu05xc0n0rtaa6sj2cl6kwlpcx2jvvjdz4j5cell99ey8lzj65ne7m8pvvr2cuswkkflal02agavlwxdsmq45n8,addr1q8m97lg7rrnk6cl6rh2lzpw5dfyx5vf98f4kpek547yg6lvcell99ey8lzj65ne7m8pvvr2cuswkkflal02agavlwxdsxwfjuy,50801581,109878818
addr1q84fpuye5x98qh423fc5sg5nwx6zg3qrll6d9kr5kz47g249e23557mnyl44zshd4k6hx5plt867c9lt5ehcz85rlaxsqxtsrd,addr1q84fpuye5x98qh423fc5sg5nwx6zg3qrll6d9kr5kz47g249e23557mnyl44zshd4k6hx5plt867c9lt5ehcz85rlaxsqxtsrd,1379280,103705810
addr1qy6pk28tku9un33mr9frhzswl3smh5mq574tvvh9fla4uqlk7clayad5pu8ync9q6kngp5y5mwmul7zwzmzp48lnvm0q0xpe50,addr1q8hw32qj56pz9k4pmrzqvlvm26zdj6udxltyxh4nq45sgrj04y59cvptj4a0qvemzz52n36jl33fwv4sk4vj60qu5wesldascj,1344798,104998886
addr1qy6pk28tku9un33mr9frhzswl3smh5mq574tvvh9fla4uqlk7clayad5pu8ync9q6kngp5y5mwmul7zwzmzp48lnvm0q0xpe50,addr1qx7zqkf4aapmdh6js3xe3c6k2mnfpfj69crf2rpg2du26s0k7clayad5pu8ync9q6kngp5y5mwmul7zwzmzp48lnvm0q7qzata,103120160,104998886
